{
  "timestamp": "2025-09-21T02:01:26Z",
  "run_id": "20250921T015306Z",
  "train": {
    "seed": 42,
    "learning_rate": 0.006047018496816363,
    "entropy_coef": 0.07123566778619919,
    "batch_size": "auto",
    "minibatch_size": 16384,
    "max_minibatch_size": 32768,
    "bptt_horizon": 64,
    "total_timesteps": 200000000
  },
  "env": {
    "num_envs": 24,
    "num_drones": 64
  },
  "vec": {
    "num_envs": 24,
    "num_workers": 24
  },
  "metrics": {
    "success_rate": 0.0,
    "mean_reward": 7.50838256875674,
    "episode_length": 170.12578455607095,
    "collision_rate": 0.0058260947310676174,
    "sps": 1697548.6973261768,
    "agent_steps": 276037632,
    "epoch": 85
  }
}