{
  "timestamp": "2025-09-20T17:32:40Z",
  "run_id": "eval2_puffer_drone_pp_y3di0de3_173219",
  "train": {
    "seed": 42,
    "learning_rate": 0.003,
    "entropy_coef": 0.12,
    "batch_size": 28672,
    "minibatch_size": 28672,
    "max_minibatch_size": 28672,
    "bptt_horizon": 16,
    "total_timesteps": 0
  },
  "env": {
    "num_envs": 4,
    "num_drones": 8
  },
  "vec": {
    "num_envs": 56,
    "num_workers": 28
  },
  "metrics": {
    "success_rate": 8.237027240650994,
    "mean_reward": 328.3391216823033,
    "episode_length": 933.2016754150391,
    "collision_rate": 0.0009115295701381651,
    "sps": 113093.13443273427,
    "agent_steps": 1863680,
    "epoch": 0
  }
}