{
  "timestamp": "2025-09-20T17:32:17Z",
  "run_id": "eval2_puffer_drone_pp_xq87t8xh_173153",
  "train": {
    "seed": 42,
    "learning_rate": 0.003,
    "entropy_coef": 0.12,
    "batch_size": 28672,
    "minibatch_size": 28672,
    "max_minibatch_size": 28672,
    "bptt_horizon": 16,
    "total_timesteps": 0
  },
  "env": {
    "num_envs": 4,
    "num_drones": 8
  },
  "vec": {
    "num_envs": 56,
    "num_workers": 28
  },
  "metrics": {
    "success_rate": 3336.138955252511,
    "mean_reward": 399.0513474600656,
    "episode_length": 807.3637728009905,
    "collision_rate": 0.00390778760109762,
    "sps": 92723.86739369419,
    "agent_steps": 1863680,
    "epoch": 0
  }
}