{
  "env_name": "puffer_drone_pp",
  "train": {
    "device": "mps",
    "total_timesteps": 200000000,
    "bptt_horizon": 64,
    "checkpoint_interval": 200,
    "batch_size": 2359296,
    "minibatch_size": 2359296,
    "max_minibatch_size": 2359296,
    "learning_rate": 0.006047018496816363,
    "ent_coef": 0.07123566778619919,
    "seed": 42,
    "update_epochs": 1,
    "gae_lambda": 0.9892341546158178,
    "gamma": 0.987853479502188,
    "clip_coef": 0.6176880492374869,
    "vf_clip_coef": 1.242364910018791,
    "vf_coef": 5.0,
    "max_grad_norm": 3.049550252257216,
    "optimizer": "muon",
    "anneal_lr": true,
    "torch_deterministic": true,
    "cpu_offload": false,
    "precision": "float32",
    "compile": false,
    "compile_mode": "max-autotune-no-cudagraphs",
    "compile_fullgraph": true,
    "adam_beta1": 0.8999428142702635,
    "adam_beta2": 0.9895934228748904,
    "adam_eps": 1.214178387931685e-06,
    "prio_alpha": 0.8419064782199285,
    "prio_beta0": 0.9572979813172062
  },
  "env": {
    "num_envs": 24,
    "num_drones": 64,
    "max_rings": 10,
    "reward_min_dist": 1.3159451723909112,
    "reward_max_dist": 83.14960592300233,
    "dist_decay": 0.5,
    "w_position": 1.2303854103933083,
    "w_velocity": 0.12632002850721588,
    "w_stability": 1.8328041440802467,
    "w_approach": 2.4493223157596984,
    "w_hover": 1.6429730342663187,
    "pos_const": 0.6233603728023545,
    "pos_penalty": 0.03827543428980447,
    "grip_k_min": 1.0,
    "grip_k_max": 17.887758597919266,
    "grip_k_decay": 0.02,
    "box_base_density": 50.0,
    "box_k_growth": 0.02,
    "reward_hover": 0.25,
    "reward_grip": 0.5,
    "reward_deliv": 0.75
  },
  "vec": {
    "num_workers": 24,
    "num_envs": 24
  },
  "wandb": false,
  "autopilot": {
    "resume_mode": "continue",
    "resume_from": "latest",
    "save_strategy": "best"
  },
  "load_model_path": "/Users/khaled/GitHub/Sep25Hackathon-master/PufferLib/experiments/puffer_drone_pp_175848206097.pt"
}