{
  "timestamp": "2025-09-20T17:33:17Z",
  "run_id": "eval2_best_173254",
  "train": {
    "seed": 42,
    "learning_rate": 0.003,
    "entropy_coef": 0.12,
    "batch_size": 28672,
    "minibatch_size": 28672,
    "max_minibatch_size": 28672,
    "bptt_horizon": 16,
    "total_timesteps": 0
  },
  "env": {
    "num_envs": 4,
    "num_drones": 8
  },
  "vec": {
    "num_envs": 56,
    "num_workers": 28
  },
  "metrics": {
    "success_rate": 1702.5347300938197,
    "mean_reward": 517.3495630536761,
    "episode_length": 924.6390184674945,
    "collision_rate": 0.005538869771303975,
    "sps": 102618.07967552649,
    "agent_steps": 1863680,
    "epoch": 0
  }
}